graph_id,node_id,formula,reduced_formula,migrating_species,frac_coords,cart_coords,lattice_matrix,node_source,source_atom_indices,source_record_id,source_structure_ini_hashes,formula_species_group,structure_ini_hash
pg_031c5cec44aed223b8,pg_031c5cec44aed223b8_n0000,Li5 Ge12 P18 O72,Li5Ge12P18O72,Li,"[0.0,0.0,0.0]","[0.0,0.0,0.0]","[[8.3892831802,0.0,0.0],[-4.1946415901,7.2653323536,0.0],[0.0,0.0,20.7344417572]]",raw_initial_structure_mobile_site,[1],em_complete_0150_jid_150,"[""b396e10559d1841f7ea96efd6d8a6debdfc84d724b267858f4bc9b622c0f4f86""]",Li5Ge12P18O72|Li,b396e10559d1841f7ea96efd6d8a6debdfc84d724b267858f4bc9b622c0f4f86
pg_031c5cec44aed223b8,pg_031c5cec44aed223b8_n0001,Li5 Ge12 P18 O72,Li5Ge12P18O72,Li,"[0.0,0.0,0.5]","[0.0,0.0,10.3672208786]","[[8.3892831802,0.0,0.0],[-4.1946415901,7.2653323536,0.0],[0.0,0.0,20.7344417572]]",raw_initial_structure_mobile_site,[2],em_complete_0150_jid_150,"[""b396e10559d1841f7ea96efd6d8a6debdfc84d724b267858f4bc9b622c0f4f86""]",Li5Ge12P18O72|Li,b396e10559d1841f7ea96efd6d8a6debdfc84d724b267858f4bc9b622c0f4f86
pg_031c5cec44aed223b8,pg_031c5cec44aed223b8_n0002,Li5 Ge12 P18 O72,Li5Ge12P18O72,Li,"[0.333333343,0.666666687,0.166666672]","[-4.1946415230142975e-09,4.843555050128424,3.455740403450356]","[[8.3892831802,0.0,0.0],[-4.1946415901,7.2653323536,0.0],[0.0,0.0,20.7344417572]]",raw_initial_structure_mobile_site,[0],em_complete_0150_jid_150,"[""b396e10559d1841f7ea96efd6d8a6debdfc84d724b267858f4bc9b622c0f4f86""]",Li5Ge12P18O72|Li,b396e10559d1841f7ea96efd6d8a6debdfc84d724b267858f4bc9b622c0f4f86
pg_031c5cec44aed223b8,pg_031c5cec44aed223b8_n0003,Li5 Ge12 P18 O72,Li5Ge12P18O72,Li,"[0.333333343,0.666666687,0.666666687]","[-4.1946415230142975e-09,4.843555050128424,13.822961593066982]","[[8.3892831802,0.0,0.0],[-4.1946415901,7.2653323536,0.0],[0.0,0.0,20.7344417572]]",raw_initial_structure_mobile_site,[4],em_complete_0150_jid_150,"[""b396e10559d1841f7ea96efd6d8a6debdfc84d724b267858f4bc9b622c0f4f86""]",Li5Ge12P18O72|Li,b396e10559d1841f7ea96efd6d8a6debdfc84d724b267858f4bc9b622c0f4f86
pg_031c5cec44aed223b8,pg_031c5cec44aed223b8_n0004,Li5 Ge12 P18 O72,Li5Ge12P18O72,Li,"[0.666666687,0.333333343,0.333333343]","[4.194641720133889,2.421777521431546,6.91148078616627]","[[8.3892831802,0.0,0.0],[-4.1946415901,7.2653323536,0.0],[0.0,0.0,20.7344417572]]",reported_neb_final_endpoint,[0],em_complete_0150_jid_150,"[""b396e10559d1841f7ea96efd6d8a6debdfc84d724b267858f4bc9b622c0f4f86""]",Li5Ge12P18O72|Li,b396e10559d1841f7ea96efd6d8a6debdfc84d724b267858f4bc9b622c0f4f86
pg_031c5cec44aed223b8,pg_031c5cec44aed223b8_n0005,Li5 Ge12 P18 O72,Li5Ge12P18O72,Li,"[0.666666687,0.333333343,0.833333313]","[4.194641720133889,2.421777521431546,17.27870104273302]","[[8.3892831802,0.0,0.0],[-4.1946415901,7.2653323536,0.0],[0.0,0.0,20.7344417572]]",raw_initial_structure_mobile_site,[3],em_complete_0150_jid_150,"[""b396e10559d1841f7ea96efd6d8a6debdfc84d724b267858f4bc9b622c0f4f86""]",Li5Ge12P18O72|Li,b396e10559d1841f7ea96efd6d8a6debdfc84d724b267858f4bc9b622c0f4f86
pg_4d53e56a2a4cd44745,pg_4d53e56a2a4cd44745_n0000,Li5 Si12 P18 O72,Li5Si12P18O72,Li,"[0.333333067174479,0.6666666163240009,0.666666394740389]","[-3.7813157736476393e-06,4.707330328046397,13.432768611236218]","[[8.15334788729099,-5.2054121873e-06,5.175820514e-07],[-4.076677939943245,7.061008994521897,-3.8919498172e-06],[1.2716069551e-06,-1.03665474917e-05,20.14916476864409]]",raw_initial_structure_mobile_site,[4],em_complete_0540_jid_540,"[""5657b70f639708d6821f12163ff40dab6ee2facc0b068ff486463d4f2a1a8f0e""]",Li5Si12P18O72|Li,5657b70f639708d6821f12163ff40dab6ee2facc0b068ff486463d4f2a1a8f0e
pg_4d53e56a2a4cd44745,pg_4d53e56a2a4cd44745_n0001,Li5 Si12 P18 O72,Li5Si12P18O72,Li,"[0.3333332420687185,0.6666668219014724,0.1666665253492212]","[-3.8292186501138635e-06,4.707336962902254,3.3581888585723427]","[[8.15334788729099,-5.2054121873e-06,5.175820514e-07],[-4.076677939943245,7.061008994521897,-3.8919498172e-06],[1.2716069551e-06,-1.03665474917e-05,20.14916476864409]]",reported_neb_final_endpoint,[0],em_complete_0540_jid_540,"[""5657b70f639708d6821f12163ff40dab6ee2facc0b068ff486463d4f2a1a8f0e""]",Li5Si12P18O72|Li,5657b70f639708d6821f12163ff40dab6ee2facc0b068ff486463d4f2a1a8f0e
pg_4d53e56a2a4cd44745,pg_4d53e56a2a4cd44745_n0002,Li5 Si12 P18 O72,Li5Si12P18O72,Li,"[0.6666664912840261,0.3333330113974355,0.8333334449105791]","[4.07667355369214,2.3536552825837505,16.790971936464313]","[[8.15334788729099,-5.2054121873e-06,5.175820514e-07],[-4.076677939943245,7.061008994521897,-3.8919498172e-06],[1.2716069551e-06,-1.03665474917e-05,20.14916476864409]]",raw_initial_structure_mobile_site,[3],em_complete_0540_jid_540,"[""5657b70f639708d6821f12163ff40dab6ee2facc0b068ff486463d4f2a1a8f0e""]",Li5Si12P18O72|Li,5657b70f639708d6821f12163ff40dab6ee2facc0b068ff486463d4f2a1a8f0e
pg_4d53e56a2a4cd44745,pg_4d53e56a2a4cd44745_n0003,Li5 Si12 P18 O72,Li5Si12P18O72,Li,"[0.6666667485945368,0.3333331859627862,0.3333335772784167]","[4.076674304184225,2.3536616984622962,6.7163922192430885]","[[8.15334788729099,-5.2054121873e-06,5.175820514e-07],[-4.076677939943245,7.061008994521897,-3.8919498172e-06],[1.2716069551e-06,-1.03665474917e-05,20.14916476864409]]",raw_initial_structure_mobile_site,[0],em_complete_0540_jid_540,"[""5657b70f639708d6821f12163ff40dab6ee2facc0b068ff486463d4f2a1a8f0e""]",Li5Si12P18O72|Li,5657b70f639708d6821f12163ff40dab6ee2facc0b068ff486463d4f2a1a8f0e
pg_4d53e56a2a4cd44745,pg_4d53e56a2a4cd44745_n0004,Li5 Si12 P18 O72,Li5Si12P18O72,Li,"[0.9999999063353968,0.9999998596624948,0.4999999833870561]","[4.076670391581916,7.060997614912237,10.074578675217834]","[[8.15334788729099,-5.2054121873e-06,5.175820514e-07],[-4.076677939943245,7.061008994521897,-3.8919498172e-06],[1.2716069551e-06,-1.03665474917e-05,20.14916476864409]]",raw_initial_structure_mobile_site,[2],em_complete_0540_jid_540,"[""5657b70f639708d6821f12163ff40dab6ee2facc0b068ff486463d4f2a1a8f0e""]",Li5Si12P18O72|Li,5657b70f639708d6821f12163ff40dab6ee2facc0b068ff486463d4f2a1a8f0e
pg_4d53e56a2a4cd44745,pg_4d53e56a2a4cd44745_n0005,Li5 Si12 P18 O72,Li5Si12P18O72,Li,"[0.9999999398258268,0.9999999763425222,0.9999999666353148]","[4.076670824777607,7.0609932555172135,20.149160722005846]","[[8.15334788729099,-5.2054121873e-06,5.175820514e-07],[-4.076677939943245,7.061008994521897,-3.8919498172e-06],[1.2716069551e-06,-1.03665474917e-05,20.14916476864409]]",raw_initial_structure_mobile_site,[1],em_complete_0540_jid_540,"[""5657b70f639708d6821f12163ff40dab6ee2facc0b068ff486463d4f2a1a8f0e""]",Li5Si12P18O72|Li,5657b70f639708d6821f12163ff40dab6ee2facc0b068ff486463d4f2a1a8f0e
pg_771bd35b1c1994bb94,pg_771bd35b1c1994bb94_n0000,Li5 Mo12 P18 O72,Li5Mo12P18O72,Li,"[7.2931961e-09,3.85578356e-08,0.500002474754934]","[-9.976088926471692e-07,8.75219328938716e-07,10.674580338681993]","[[8.767919169346955,-2.6778203409e-06,-7.276165084e-07],[-4.383961902898135,7.593239986948376,7.759203437e-07],[-1.7850290934e-06,1.1648751332e-06,21.349055010005493]]",raw_initial_structure_mobile_site,[2],em_complete_0060_jid_60,"[""86005719bbc41fe0af85a3e43df20a91b5f86b328df3a4118d4b8d47be5a4f3a""]",Li5Mo12P18O72|Li,86005719bbc41fe0af85a3e43df20a91b5f86b328df3a4118d4b8d47be5a4f3a
pg_771bd35b1c1994bb94,pg_771bd35b1c1994bb94_n0001,Li5 Mo12 P18 O72,Li5Mo12P18O72,Li,"[0.3333329487815718,0.6666671002994018,0.6666811488811516]","[-8.00827650369624e-06,5.062163167970883,14.233012796339377]","[[8.767919169346955,-2.6778203409e-06,-7.276165084e-07],[-4.383961902898135,7.593239986948376,7.759203437e-07],[-1.7850290934e-06,1.1648751332e-06,21.349055010005493]]",raw_initial_structure_mobile_site,[4],em_complete_0060_jid_60,"[""86005719bbc41fe0af85a3e43df20a91b5f86b328df3a4118d4b8d47be5a4f3a""]",Li5Mo12P18O72|Li,86005719bbc41fe0af85a3e43df20a91b5f86b328df3a4118d4b8d47be5a4f3a
pg_771bd35b1c1994bb94,pg_771bd35b1c1994bb94_n0002,Li5 Mo12 P18 O72,Li5Mo12P18O72,Li,"[0.3333329632918849,0.666667115153815,0.166677846400624]","[-7.053651991641613e-06,5.062162698322555,3.5584147864981777]","[[8.767919169346955,-2.6778203409e-06,-7.276165084e-07],[-4.383961902898135,7.593239986948376,7.759203437e-07],[-1.7850290934e-06,1.1648751332e-06,21.349055010005493]]",reported_neb_final_endpoint,[0],em_complete_0060_jid_60,"[""86005719bbc41fe0af85a3e43df20a91b5f86b328df3a4118d4b8d47be5a4f3a""]",Li5Mo12P18O72|Li,86005719bbc41fe0af85a3e43df20a91b5f86b328df3a4118d4b8d47be5a4f3a
pg_771bd35b1c1994bb94,pg_771bd35b1c1994bb94_n0003,Li5 Mo12 P18 O72,Li5Mo12P18O72,Li,"[0.6666669706464508,0.3333330982920617,0.3333228548348455]","[4.3839619126230875,2.5310768139898068,7.116127737523231]","[[8.767919169346955,-2.6778203409e-06,-7.276165084e-07],[-4.383961902898135,7.593239986948376,7.759203437e-07],[-1.7850290934e-06,1.1648751332e-06,21.349055010005493]]",raw_initial_structure_mobile_site,[0],em_complete_0060_jid_60,"[""86005719bbc41fe0af85a3e43df20a91b5f86b328df3a4118d4b8d47be5a4f3a""]",Li5Mo12P18O72|Li,86005719bbc41fe0af85a3e43df20a91b5f86b328df3a4118d4b8d47be5a4f3a
pg_771bd35b1c1994bb94,pg_771bd35b1c1994bb94_n0004,Li5 Mo12 P18 O72,Li5Mo12P18O72,Li,"[0.6666671068792657,0.3333329536725849,0.8333280326905631]","[4.383962848583884,2.531076298302646,17.790765784852315]","[[8.767919169346955,-2.6778203409e-06,-7.276165084e-07],[-4.383961902898135,7.593239986948376,7.759203437e-07],[-1.7850290934e-06,1.1648751332e-06,21.349055010005493]]",raw_initial_structure_mobile_site,[3],em_complete_0060_jid_60,"[""86005719bbc41fe0af85a3e43df20a91b5f86b328df3a4118d4b8d47be5a4f3a""]",Li5Mo12P18O72|Li,86005719bbc41fe0af85a3e43df20a91b5f86b328df3a4118d4b8d47be5a4f3a
pg_771bd35b1c1994bb94,pg_771bd35b1c1994bb94_n0005,Li5 Mo12 P18 O72,Li5Mo12P18O72,Li,"[0.9999999321291431,1.55153859e-08,2.3227941277e-06]","[8.767918506237761,-2.560005404760105e-06,4.886184316220768e-05]","[[8.767919169346955,-2.6778203409e-06,-7.276165084e-07],[-4.383961902898135,7.593239986948376,7.759203437e-07],[-1.7850290934e-06,1.1648751332e-06,21.349055010005493]]",raw_initial_structure_mobile_site,[1],em_complete_0060_jid_60,"[""86005719bbc41fe0af85a3e43df20a91b5f86b328df3a4118d4b8d47be5a4f3a""]",Li5Mo12P18O72|Li,86005719bbc41fe0af85a3e43df20a91b5f86b328df3a4118d4b8d47be5a4f3a
pg_8671acb3ed3d2c0526,pg_8671acb3ed3d2c0526_n0000,Na10 Mn2 Al2 P9 O24,Na10Mn2Al2P9O24,Na,"[0.0,0.3433799943333334,0.6566200056666667]","[1.3871834451637164,2.5567957684320186,-7.095500310266666]","[[1e-16,-5.113591536864036,-7.095500310266666],[-4.428500175501366,2.556795768432018,-7.095500310266666],[4.428500175501366,2.556795768432018,-7.095500310266666]]",raw_initial_structure_mobile_site,[0],em_complete_0420_jid_420,"[""7d46cde20faa97c9d8f4db8d0ad67baa88774904c3bcca37b767c4aa6890be54""]",Na10Mn2Al2P9O24|Na,7d46cde20faa97c9d8f4db8d0ad67baa88774904c3bcca37b767c4aa6890be54
pg_8671acb3ed3d2c0526,pg_8671acb3ed3d2c0526_n0001,Na10 Mn2 Al2 P9 O24,Na10Mn2Al2P9O24,Na,"[0.1213299930000001,0.8780000310000005,0.4996700190000001]","[-1.6754345245394355,2.901988928762955,-10.63615527019625]","[[1e-16,-5.113591536864036,-7.095500310266666],[-4.428500175501366,2.556795768432018,-7.095500310266666],[4.428500175501366,2.556795768432018,-7.095500310266666]]",raw_initial_structure_mobile_site,[9],em_complete_0420_jid_420,"[""7d46cde20faa97c9d8f4db8d0ad67baa88774904c3bcca37b767c4aa6890be54""]",Na10Mn2Al2P9O24|Na,7d46cde20faa97c9d8f4db8d0ad67baa88774904c3bcca37b767c4aa6890be54
pg_8671acb3ed3d2c0526,pg_8671acb3ed3d2c0526_n0002,Na10 Mn2 Al2 P9 O24,Na10Mn2Al2P9O24,Na,"[0.1219999689999999,0.8786700070000001,0.5003299810000001]","[-1.6754788715401912,2.90196332501013,-10.650345660603753]","[[1e-16,-5.113591536864036,-7.095500310266666],[-4.428500175501366,2.556795768432018,-7.095500310266666],[4.428500175501366,2.556795768432018,-7.095500310266666]]",raw_initial_structure_mobile_site,[5],em_complete_0420_jid_420,"[""7d46cde20faa97c9d8f4db8d0ad67baa88774904c3bcca37b767c4aa6890be54""]",Na10Mn2Al2P9O24|Na,7d46cde20faa97c9d8f4db8d0ad67baa88774904c3bcca37b767c4aa6890be54
pg_8671acb3ed3d2c0526,pg_8671acb3ed3d2c0526_n0003,Na10 Mn2 Al2 P9 O24,Na10Mn2Al2P9O24,Na,"[0.2505699893333335,0.2505699893333335,0.2505699893333334]","[-4.440892098500626e-16,-3.3306690738754696e-16,-5.333758311174549]","[[1e-16,-5.113591536864036,-7.095500310266666],[-4.428500175501366,2.556795768432018,-7.095500310266666],[4.428500175501366,2.556795768432018,-7.095500310266666]]",reported_neb_final_endpoint,[0],em_complete_0420_jid_420,"[""7d46cde20faa97c9d8f4db8d0ad67baa88774904c3bcca37b767c4aa6890be54""]",Na10Mn2Al2P9O24|Na,7d46cde20faa97c9d8f4db8d0ad67baa88774904c3bcca37b767c4aa6890be54
pg_8671acb3ed3d2c0526,pg_8671acb3ed3d2c0526_n0004,Na10 Mn2 Al2 P9 O24,Na10Mn2Al2P9O24,Na,"[0.3433799943333332,0.6566200056666668,0.0]","[-2.907841810332542,-0.07706178099501204,-7.095500310266666]","[[1e-16,-5.113591536864036,-7.095500310266666],[-4.428500175501366,2.556795768432018,-7.095500310266666],[4.428500175501366,2.556795768432018,-7.095500310266666]]",raw_initial_structure_mobile_site,[2],em_complete_0420_jid_420,"[""7d46cde20faa97c9d8f4db8d0ad67baa88774904c3bcca37b767c4aa6890be54""]",Na10Mn2Al2P9O24|Na,7d46cde20faa97c9d8f4db8d0ad67baa88774904c3bcca37b767c4aa6890be54
pg_8671acb3ed3d2c0526,pg_8671acb3ed3d2c0526_n0005,Na10 Mn2 Al2 P9 O24,Na10Mn2Al2P9O24,Na,"[0.4996700189999997,0.1213299930000002,0.8780000310000002]","[3.3509133960796254,-2.560375282234517e-05,-10.636155270196246]","[[1e-16,-5.113591536864036,-7.095500310266666],[-4.428500175501366,2.556795768432018,-7.095500310266666],[4.428500175501366,2.556795768432018,-7.095500310266666]]",raw_initial_structure_mobile_site,[7],em_complete_0420_jid_420,"[""7d46cde20faa97c9d8f4db8d0ad67baa88774904c3bcca37b767c4aa6890be54""]",Na10Mn2Al2P9O24|Na,7d46cde20faa97c9d8f4db8d0ad67baa88774904c3bcca37b767c4aa6890be54
pg_8671acb3ed3d2c0526,pg_8671acb3ed3d2c0526_n0006,Na10 Mn2 Al2 P9 O24,Na10Mn2Al2P9O24,Na,"[0.5003299810000001,0.121999969,0.878670007]","[3.350913396079625,2.560375282412153e-05,-10.650345660603755]","[[1e-16,-5.113591536864036,-7.095500310266666],[-4.428500175501366,2.556795768432018,-7.095500310266666],[4.428500175501366,2.556795768432018,-7.095500310266666]]",raw_initial_structure_mobile_site,[4],em_complete_0420_jid_420,"[""7d46cde20faa97c9d8f4db8d0ad67baa88774904c3bcca37b767c4aa6890be54""]",Na10Mn2Al2P9O24|Na,7d46cde20faa97c9d8f4db8d0ad67baa88774904c3bcca37b767c4aa6890be54
pg_8671acb3ed3d2c0526,pg_8671acb3ed3d2c0526_n0007,Na10 Mn2 Al2 P9 O24,Na10Mn2Al2P9O24,Na,"[0.6566200056666669,1e-16,0.3433799943333333]","[1.5206583651688244,-2.479733987437006,-7.095500310266669]","[[1e-16,-5.113591536864036,-7.095500310266666],[-4.428500175501366,2.556795768432018,-7.095500310266666],[4.428500175501366,2.556795768432018,-7.095500310266666]]",raw_initial_structure_mobile_site,[1],em_complete_0420_jid_420,"[""7d46cde20faa97c9d8f4db8d0ad67baa88774904c3bcca37b767c4aa6890be54""]",Na10Mn2Al2P9O24|Na,7d46cde20faa97c9d8f4db8d0ad67baa88774904c3bcca37b767c4aa6890be54
pg_8671acb3ed3d2c0526,pg_8671acb3ed3d2c0526_n0008,Na10 Mn2 Al2 P9 O24,Na10Mn2Al2P9O24,Na,"[0.7494300106666668,0.7494300106666667,0.7494300106666665]","[-8.881784197001252e-16,-1.1102230246251565e-15,-15.952742619625452]","[[1e-16,-5.113591536864036,-7.095500310266666],[-4.428500175501366,2.556795768432018,-7.095500310266666],[4.428500175501366,2.556795768432018,-7.095500310266666]]",raw_initial_structure_mobile_site,[3],em_complete_0420_jid_420,"[""7d46cde20faa97c9d8f4db8d0ad67baa88774904c3bcca37b767c4aa6890be54""]",Na10Mn2Al2P9O24|Na,7d46cde20faa97c9d8f4db8d0ad67baa88774904c3bcca37b767c4aa6890be54
pg_8671acb3ed3d2c0526,pg_8671acb3ed3d2c0526_n0009,Na10 Mn2 Al2 P9 O24,Na10Mn2Al2P9O24,Na,"[0.8780000310000002,0.4996700189999997,0.1213299930000001]","[-1.6754788715401898,-2.9019633250101307,-10.636155270196245]","[[1e-16,-5.113591536864036,-7.095500310266666],[-4.428500175501366,2.556795768432018,-7.095500310266666],[4.428500175501366,2.556795768432018,-7.095500310266666]]",raw_initial_structure_mobile_site,[8],em_complete_0420_jid_420,"[""7d46cde20faa97c9d8f4db8d0ad67baa88774904c3bcca37b767c4aa6890be54""]",Na10Mn2Al2P9O24|Na,7d46cde20faa97c9d8f4db8d0ad67baa88774904c3bcca37b767c4aa6890be54
pg_8671acb3ed3d2c0526,pg_8671acb3ed3d2c0526_n0010,Na10 Mn2 Al2 P9 O24,Na10Mn2Al2P9O24,Na,"[0.878670007,0.5003299810000001,0.1219999689999998]","[-1.6754345245394355,-2.901988928762955,-10.650345660603753]","[[1e-16,-5.113591536864036,-7.095500310266666],[-4.428500175501366,2.556795768432018,-7.095500310266666],[4.428500175501366,2.556795768432018,-7.095500310266666]]",raw_initial_structure_mobile_site,[6],em_complete_0420_jid_420,"[""7d46cde20faa97c9d8f4db8d0ad67baa88774904c3bcca37b767c4aa6890be54""]",Na10Mn2Al2P9O24|Na,7d46cde20faa97c9d8f4db8d0ad67baa88774904c3bcca37b767c4aa6890be54
