symbol,atomic_number,atomic_mass_amu,electronegativity_pauling,atomic_radius_A,first_ionization_kJmol,electron_affinity_kJmol,period,group,is_metal,source_category,raw_ion_radius_not_used,oxidation_state_available,coordination_conditioned_ionic_radius_available
Li,3,6.941,0.98,1.34,520,-60,2,1,1,alkali metal,76 (+1),0,0
B,5,10.811,2.04,0.82,801,-27,2,13,0,metalloid,27 (+3),0,0
C,6,12.0107,2.55,0.77,1087,-154,2,14,0,nonmetal,16 (+4),0,0
N,7,14.0067,3.04,0.75,1402,-7,2,15,0,nonmetal,146 (-3),0,0
O,8,15.9994,3.44,0.73,1314,-141,2,16,0,nonmetal,140 (-2),0,0
F,9,18.9984032,3.98,0.71,1681,-328,2,17,0,halogen,133 (-1),0,0
Na,11,22.98976928,0.93,1.54,496,-53,3,1,1,alkali metal,102 (+1),0,0
Mg,12,24.305,1.31,1.3,738,0,3,2,1,alkaline earth metal,72 (+2),0,0
Al,13,26.9815386,1.61,1.18,578,-43,3,13,1,metal,53.5 (+3),0,0
Si,14,28.0855,1.9,1.11,787,-134,3,14,0,metalloid,40 (+4),0,0
P,15,30.973762,2.19,1.06,1012,-72,3,15,0,nonmetal,44 (+3),0,0
S,16,32.065,2.58,1.02,1000,-200,3,16,0,nonmetal,184 (-2),0,0
Cl,17,35.453,3.16,0.99,1251,-349,3,17,0,halogen,181 (-1),0,0
K,19,39.0983,0.82,1.96,419,-48,4,1,1,alkali metal,138 (+1),0,0
Ca,20,40.078,1,1.74,590,-2,4,2,1,alkaline earth metal,100 (+2),0,0
Sc,21,44.955912,1.36,1.44,633,-18,4,3,1,transition metal,74.5 (+3),0,0
Ti,22,47.867,1.54,1.36,659,-8,4,4,1,transition metal,86 (+2),0,0
V,23,50.9415,1.63,1.25,651,-51,4,5,1,transition metal,79 (+2),0,0
Cr,24,51.9961,1.66,1.27,653,-64,4,6,1,transition metal,80 (+2*),0,0
Mn,25,54.938045,1.55,1.39,717,0,4,7,1,transition metal,67 (+2),0,0
Fe,26,55.845,1.83,1.25,763,-16,4,8,1,transition metal,78 (+2*),0,0
Co,27,58.933195,1.88,1.26,760,-64,4,9,1,transition metal,74.5 (+2*),0,0
Ni,28,58.6934,1.91,1.21,737,-112,4,10,1,transition metal,69 (+2),0,0
Cu,29,63.546,1.9,1.38,746,-118,4,11,1,transition metal,77 (+1),0,0
Zn,30,65.38,1.65,1.31,906,0,4,12,1,transition metal,74 (+2),0,0
Ga,31,69.723,1.81,1.26,579,-29,4,13,1,metal,62 (+3),0,0
Ge,32,72.64,2.01,1.22,762,-119,4,14,0,metalloid,73 (+2),0,0
As,33,74.9216,2.18,1.19,947,-78,4,15,0,metalloid,58 (+3),0,0
Se,34,78.96,2.55,1.16,941,-195,4,16,0,nonmetal,198 (-2),0,0
Br,35,79.904,2.96,1.14,1140,-325,4,17,0,halogen,196 (-1),0,0
Rb,37,85.4678,0.82,2.11,403,-47,5,1,1,alkali metal,152 (+1),0,0
Sr,38,87.62,0.95,1.92,550,-5,5,2,1,alkaline earth metal,118 (+2),0,0
Y,39,88.90585,1.22,1.62,600,-30,5,3,1,transition metal,90 (+3),0,0
Zr,40,91.224,1.33,1.48,640,-41,5,4,1,transition metal,72 (+4),0,0
Nb,41,92.90638,1.6,1.37,652,-86,5,5,1,transition metal,72 (+3),0,0
Mo,42,95.96,2.16,1.45,684,-72,5,6,1,transition metal,69 (+3),0,0
Tc,43,98,1.9,1.56,702,-53,5,7,1,transition metal,64.5 (+4),0,0
Ru,44,101.07,2.2,1.26,710,-101,5,8,1,transition metal,68 (+3),0,0
Rh,45,102.9055,2.28,1.35,720,-110,5,9,1,transition metal,66.5 (+3),0,0
Pd,46,106.42,2.2,1.31,804,-54,5,10,1,transition metal,59 (+1),0,0
In,49,114.818,1.78,1.44,558,-29,5,13,1,metal,80 (+3),0,0
Sn,50,118.71,1.96,1.41,709,-107,5,14,1,metal,112 (+2),0,0
Te,52,127.6,2.1,1.35,869,-190,5,16,0,metalloid,221 (-2),0,0
I,53,126.90447,2.66,1.33,1008,-295,5,17,0,halogen,220 (-1),0,0
La,57,138.90547,1.1,1.69,538,-48,6,,1,lanthanoid,103.2 (+3),0,0
Pr,59,140.90765,1.13,,527,-50,6,,1,lanthanoid,99 (+3),0,0
Nd,60,144.242,1.14,,533,-50,6,,1,lanthanoid,129 (+2),0,0
Pm,61,145,1.13,,540,-50,6,,1,lanthanoid,97 (+3),0,0
Sm,62,150.36,1.17,,545,-50,6,,1,lanthanoid,122 (+2),0,0
Tb,65,158.92535,1.2,,566,-50,6,,1,lanthanoid,92.3 (+3),0,0
Dy,66,162.5,1.22,,573,-50,6,,1,lanthanoid,107 (+2),0,0
Ho,67,164.93032,1.23,,581,-50,6,,1,lanthanoid,90.1 (+3),0,0
Er,68,167.259,1.24,,589,-50,6,,1,lanthanoid,89 (+3),0,0
Tm,69,168.93421,1.25,,597,-50,6,,1,lanthanoid,103 (+2),0,0
Lu,71,174.9668,1.27,1.6,524,-50,6,3,1,transition metal,86.1 (+3),0,0
W,74,183.84,2.36,1.46,770,-79,6,6,1,transition metal,66 (+4),0,0
Ir,77,192.217,2.2,1.37,880,-151,6,9,1,transition metal,68 (+3),0,0
Pt,78,195.084,2.28,1.28,870,-205,6,10,1,transition metal,86 (+2),0,0
