graph_id,node_id,formula,reduced_formula,migrating_species,frac_coords,cart_coords,lattice_matrix,node_source,source_atom_indices,source_record_id,source_structure_ini_hashes
pg_4475ded0b1d689bcc3,pg_4475ded0b1d689bcc3_n0000,Li23 Cl8 O8,Li23Cl8O8,Li,"[0.0,0.25,0.25]","[3e-16,1.9541685,1.9541685]","[[7.816674,0.0,4e-16],[1.2e-15,7.816674,4e-16],[0.0,0.0,7.816674]]",raw_initial_structure_mobile_site,"[1,3]",em_complete_0043_jid_43;em_complete_0481_jid_481,"[""8bc4f1a9b7f40e343194cba3427860ae345b601a56fa043101b6daf1e3ce1c50"",""e108610e953ea7951ddba27c30f5195406d3440e2324e174d9e4bee8b00b42d4""]"
pg_4475ded0b1d689bcc3,pg_4475ded0b1d689bcc3_n0001,Li23 Cl8 O8,Li23Cl8O8,Li,"[0.0,0.25,0.75]","[3e-16,1.9541685,5.8625055]","[[7.816674,0.0,4e-16],[1.2e-15,7.816674,4e-16],[0.0,0.0,7.816674]]",raw_initial_structure_mobile_site,"[2,4]",em_complete_0043_jid_43;em_complete_0481_jid_481,"[""8bc4f1a9b7f40e343194cba3427860ae345b601a56fa043101b6daf1e3ce1c50"",""e108610e953ea7951ddba27c30f5195406d3440e2324e174d9e4bee8b00b42d4""]"
pg_4475ded0b1d689bcc3,pg_4475ded0b1d689bcc3_n0002,Li23 Cl8 O8,Li23Cl8O8,Li,"[0.0,0.7500000000000002,0.25]","[9.000000000000002e-16,5.862505500000002,1.9541685000000002]","[[7.816674,0.0,4e-16],[1.2e-15,7.816674,4e-16],[0.0,0.0,7.816674]]",raw_initial_structure_mobile_site,"[3,5]",em_complete_0043_jid_43;em_complete_0481_jid_481,"[""8bc4f1a9b7f40e343194cba3427860ae345b601a56fa043101b6daf1e3ce1c50"",""e108610e953ea7951ddba27c30f5195406d3440e2324e174d9e4bee8b00b42d4""]"
pg_4475ded0b1d689bcc3,pg_4475ded0b1d689bcc3_n0003,Li23 Cl8 O8,Li23Cl8O8,Li,"[0.0,0.7500000000000002,0.75]","[9.000000000000002e-16,5.862505500000002,5.8625055]","[[7.816674,0.0,4e-16],[1.2e-15,7.816674,4e-16],[0.0,0.0,7.816674]]",raw_initial_structure_mobile_site,"[4,6]",em_complete_0043_jid_43;em_complete_0481_jid_481,"[""8bc4f1a9b7f40e343194cba3427860ae345b601a56fa043101b6daf1e3ce1c50"",""e108610e953ea7951ddba27c30f5195406d3440e2324e174d9e4bee8b00b42d4""]"
pg_4475ded0b1d689bcc3,pg_4475ded0b1d689bcc3_n0004,Li23 Cl8 O8,Li23Cl8O8,Li,"[0.25,0.0,0.25]","[1.9541685,0.0,1.9541685]","[[7.816674,0.0,4e-16],[1.2e-15,7.816674,4e-16],[0.0,0.0,7.816674]]",raw_initial_structure_mobile_site,"[8,11]",em_complete_0043_jid_43;em_complete_0481_jid_481,"[""8bc4f1a9b7f40e343194cba3427860ae345b601a56fa043101b6daf1e3ce1c50"",""e108610e953ea7951ddba27c30f5195406d3440e2324e174d9e4bee8b00b42d4""]"
pg_4475ded0b1d689bcc3,pg_4475ded0b1d689bcc3_n0005,Li23 Cl8 O8,Li23Cl8O8,Li,"[0.25,0.0,0.75]","[1.9541685,0.0,5.8625055]","[[7.816674,0.0,4e-16],[1.2e-15,7.816674,4e-16],[0.0,0.0,7.816674]]",raw_initial_structure_mobile_site,"[9,12]",em_complete_0043_jid_43;em_complete_0481_jid_481,"[""8bc4f1a9b7f40e343194cba3427860ae345b601a56fa043101b6daf1e3ce1c50"",""e108610e953ea7951ddba27c30f5195406d3440e2324e174d9e4bee8b00b42d4""]"
pg_4475ded0b1d689bcc3,pg_4475ded0b1d689bcc3_n0006,Li23 Cl8 O8,Li23Cl8O8,Li,"[0.25,0.25,0.0]","[1.9541685000000002,1.9541685,2e-16]","[[7.816674,0.0,4e-16],[1.2e-15,7.816674,4e-16],[0.0,0.0,7.816674]]",raw_initial_structure_mobile_site,"[15,16]",em_complete_0043_jid_43;em_complete_0481_jid_481,"[""8bc4f1a9b7f40e343194cba3427860ae345b601a56fa043101b6daf1e3ce1c50"",""e108610e953ea7951ddba27c30f5195406d3440e2324e174d9e4bee8b00b42d4""]"
pg_4475ded0b1d689bcc3,pg_4475ded0b1d689bcc3_n0007,Li23 Cl8 O8,Li23Cl8O8,Li,"[0.25,0.25,0.5]","[1.9541685000000002,1.9541685,3.908337]","[[7.816674,0.0,4e-16],[1.2e-15,7.816674,4e-16],[0.0,0.0,7.816674]]",raw_initial_structure_mobile_site,"[16,17]",em_complete_0043_jid_43;em_complete_0481_jid_481,"[""8bc4f1a9b7f40e343194cba3427860ae345b601a56fa043101b6daf1e3ce1c50"",""e108610e953ea7951ddba27c30f5195406d3440e2324e174d9e4bee8b00b42d4""]"
pg_4475ded0b1d689bcc3,pg_4475ded0b1d689bcc3_n0008,Li23 Cl8 O8,Li23Cl8O8,Li,"[0.2500000000000002,0.5,0.25]","[1.9541685000000024,3.908337,1.9541685000000002]","[[7.816674,0.0,4e-16],[1.2e-15,7.816674,4e-16],[0.0,0.0,7.816674]]",raw_initial_structure_mobile_site,"[2,10]",em_complete_0043_jid_43;em_complete_0481_jid_481,"[""8bc4f1a9b7f40e343194cba3427860ae345b601a56fa043101b6daf1e3ce1c50"",""e108610e953ea7951ddba27c30f5195406d3440e2324e174d9e4bee8b00b42d4""]"
pg_4475ded0b1d689bcc3,pg_4475ded0b1d689bcc3_n0009,Li23 Cl8 O8,Li23Cl8O8,Li,"[0.25,0.4999999999999999,0.7499999999999999]","[1.9541685000000006,3.908336999999999,5.862505499999999]","[[7.816674,0.0,4e-16],[1.2e-15,7.816674,4e-16],[0.0,0.0,7.816674]]",raw_initial_structure_mobile_site,[11],em_complete_0043_jid_43;em_complete_0481_jid_481,"[""8bc4f1a9b7f40e343194cba3427860ae345b601a56fa043101b6daf1e3ce1c50"",""e108610e953ea7951ddba27c30f5195406d3440e2324e174d9e4bee8b00b42d4""]"
pg_4475ded0b1d689bcc3,pg_4475ded0b1d689bcc3_n0010,Li23 Cl8 O8,Li23Cl8O8,Li,"[0.25,0.7500000000000002,0.0]","[1.9541685000000009,5.862505500000002,4.000000000000001e-16]","[[7.816674,0.0,4e-16],[1.2e-15,7.816674,4e-16],[0.0,0.0,7.816674]]",raw_initial_structure_mobile_site,"[17,18]",em_complete_0043_jid_43;em_complete_0481_jid_481,"[""8bc4f1a9b7f40e343194cba3427860ae345b601a56fa043101b6daf1e3ce1c50"",""e108610e953ea7951ddba27c30f5195406d3440e2324e174d9e4bee8b00b42d4""]"
pg_4475ded0b1d689bcc3,pg_4475ded0b1d689bcc3_n0011,Li23 Cl8 O8,Li23Cl8O8,Li,"[0.25,0.7500000000000002,0.5]","[1.9541685000000009,5.862505500000002,3.9083370000000004]","[[7.816674,0.0,4e-16],[1.2e-15,7.816674,4e-16],[0.0,0.0,7.816674]]",raw_initial_structure_mobile_site,"[18,19]",em_complete_0043_jid_43;em_complete_0481_jid_481,"[""8bc4f1a9b7f40e343194cba3427860ae345b601a56fa043101b6daf1e3ce1c50"",""e108610e953ea7951ddba27c30f5195406d3440e2324e174d9e4bee8b00b42d4""]"
pg_4475ded0b1d689bcc3,pg_4475ded0b1d689bcc3_n0012,Li23 Cl8 O8,Li23Cl8O8,Li,"[0.5000000000000002,0.25,0.25]","[3.908337000000002,1.9541685,1.9541685000000002]","[[7.816674,0.0,4e-16],[1.2e-15,7.816674,4e-16],[0.0,0.0,7.816674]]",raw_initial_structure_mobile_site,"[5,7]",em_complete_0043_jid_43;em_complete_0481_jid_481,"[""8bc4f1a9b7f40e343194cba3427860ae345b601a56fa043101b6daf1e3ce1c50"",""e108610e953ea7951ddba27c30f5195406d3440e2324e174d9e4bee8b00b42d4""]"
pg_4475ded0b1d689bcc3,pg_4475ded0b1d689bcc3_n0013,Li23 Cl8 O8,Li23Cl8O8,Li,"[0.5000000000000002,0.25,0.75]","[3.908337000000002,1.9541685,5.8625055]","[[7.816674,0.0,4e-16],[1.2e-15,7.816674,4e-16],[0.0,0.0,7.816674]]",raw_initial_structure_mobile_site,"[6,8]",em_complete_0043_jid_43;em_complete_0481_jid_481,"[""8bc4f1a9b7f40e343194cba3427860ae345b601a56fa043101b6daf1e3ce1c50"",""e108610e953ea7951ddba27c30f5195406d3440e2324e174d9e4bee8b00b42d4""]"
pg_4475ded0b1d689bcc3,pg_4475ded0b1d689bcc3_n0014,Li23 Cl8 O8,Li23Cl8O8,Li,"[0.5,0.7500000000000002,0.25]","[3.908337000000001,5.862505500000002,1.9541685000000004]","[[7.816674,0.0,4e-16],[1.2e-15,7.816674,4e-16],[0.0,0.0,7.816674]]",raw_initial_structure_mobile_site,"[7,9]",em_complete_0043_jid_43;em_complete_0481_jid_481,"[""8bc4f1a9b7f40e343194cba3427860ae345b601a56fa043101b6daf1e3ce1c50"",""e108610e953ea7951ddba27c30f5195406d3440e2324e174d9e4bee8b00b42d4""]"
pg_4475ded0b1d689bcc3,pg_4475ded0b1d689bcc3_n0015,Li23 Cl8 O8,Li23Cl8O8,Li,"[0.5,0.7500000000000002,0.75]","[3.908337000000001,5.862505500000002,5.862505500000001]","[[7.816674,0.0,4e-16],[1.2e-15,7.816674,4e-16],[0.0,0.0,7.816674]]",raw_initial_structure_mobile_site,[10],em_complete_0043_jid_43;em_complete_0481_jid_481,"[""8bc4f1a9b7f40e343194cba3427860ae345b601a56fa043101b6daf1e3ce1c50"",""e108610e953ea7951ddba27c30f5195406d3440e2324e174d9e4bee8b00b42d4""]"
pg_4475ded0b1d689bcc3,pg_4475ded0b1d689bcc3_n0016,Li23 Cl8 O8,Li23Cl8O8,Li,"[0.7500000000000002,0.0,0.25]","[5.862505500000002,0.0,1.9541685000000002]","[[7.816674,0.0,4e-16],[1.2e-15,7.816674,4e-16],[0.0,0.0,7.816674]]",raw_initial_structure_mobile_site,"[12,13]",em_complete_0043_jid_43;em_complete_0481_jid_481,"[""8bc4f1a9b7f40e343194cba3427860ae345b601a56fa043101b6daf1e3ce1c50"",""e108610e953ea7951ddba27c30f5195406d3440e2324e174d9e4bee8b00b42d4""]"
pg_4475ded0b1d689bcc3,pg_4475ded0b1d689bcc3_n0017,Li23 Cl8 O8,Li23Cl8O8,Li,"[0.7500000000000002,0.0,0.75]","[5.862505500000002,0.0,5.8625055]","[[7.816674,0.0,4e-16],[1.2e-15,7.816674,4e-16],[0.0,0.0,7.816674]]",raw_initial_structure_mobile_site,"[13,14]",em_complete_0043_jid_43;em_complete_0481_jid_481,"[""8bc4f1a9b7f40e343194cba3427860ae345b601a56fa043101b6daf1e3ce1c50"",""e108610e953ea7951ddba27c30f5195406d3440e2324e174d9e4bee8b00b42d4""]"
pg_4475ded0b1d689bcc3,pg_4475ded0b1d689bcc3_n0018,Li23 Cl8 O8,Li23Cl8O8,Li,"[0.7500000000000002,0.25,0.0]","[5.862505500000002,1.9541685,4.000000000000001e-16]","[[7.816674,0.0,4e-16],[1.2e-15,7.816674,4e-16],[0.0,0.0,7.816674]]",raw_initial_structure_mobile_site,"[19,20]",em_complete_0043_jid_43;em_complete_0481_jid_481,"[""8bc4f1a9b7f40e343194cba3427860ae345b601a56fa043101b6daf1e3ce1c50"",""e108610e953ea7951ddba27c30f5195406d3440e2324e174d9e4bee8b00b42d4""]"
pg_4475ded0b1d689bcc3,pg_4475ded0b1d689bcc3_n0019,Li23 Cl8 O8,Li23Cl8O8,Li,"[0.7500000000000002,0.25,0.5]","[5.862505500000002,1.9541685,3.9083370000000004]","[[7.816674,0.0,4e-16],[1.2e-15,7.816674,4e-16],[0.0,0.0,7.816674]]",raw_initial_structure_mobile_site,"[20,21]",em_complete_0043_jid_43;em_complete_0481_jid_481,"[""8bc4f1a9b7f40e343194cba3427860ae345b601a56fa043101b6daf1e3ce1c50"",""e108610e953ea7951ddba27c30f5195406d3440e2324e174d9e4bee8b00b42d4""]"
pg_4475ded0b1d689bcc3,pg_4475ded0b1d689bcc3_n0020,Li23 Cl8 O8,Li23Cl8O8,Li,"[0.7500000000000001,0.5,0.25]","[5.862505500000002,3.908337,1.9541685000000004]","[[7.816674,0.0,4e-16],[1.2e-15,7.816674,4e-16],[0.0,0.0,7.816674]]",raw_initial_structure_mobile_site,"[1,14]",em_complete_0043_jid_43;em_complete_0481_jid_481,"[""8bc4f1a9b7f40e343194cba3427860ae345b601a56fa043101b6daf1e3ce1c50"",""e108610e953ea7951ddba27c30f5195406d3440e2324e174d9e4bee8b00b42d4""]"
pg_4475ded0b1d689bcc3,pg_4475ded0b1d689bcc3_n0021,Li23 Cl8 O8,Li23Cl8O8,Li,"[0.7500000000000001,0.5,0.75]","[5.862505500000002,3.908337,5.862505500000001]","[[7.816674,0.0,4e-16],[1.2e-15,7.816674,4e-16],[0.0,0.0,7.816674]]",raw_initial_structure_mobile_site,"[0,15]",em_complete_0043_jid_43;em_complete_0481_jid_481,"[""8bc4f1a9b7f40e343194cba3427860ae345b601a56fa043101b6daf1e3ce1c50"",""e108610e953ea7951ddba27c30f5195406d3440e2324e174d9e4bee8b00b42d4""]"
pg_4475ded0b1d689bcc3,pg_4475ded0b1d689bcc3_n0022,Li23 Cl8 O8,Li23Cl8O8,Li,"[0.7500000000000002,0.7500000000000002,0.0]","[5.862505500000003,5.862505500000002,6.000000000000002e-16]","[[7.816674,0.0,4e-16],[1.2e-15,7.816674,4e-16],[0.0,0.0,7.816674]]",raw_initial_structure_mobile_site,"[0,21]",em_complete_0043_jid_43;em_complete_0481_jid_481,"[""8bc4f1a9b7f40e343194cba3427860ae345b601a56fa043101b6daf1e3ce1c50"",""e108610e953ea7951ddba27c30f5195406d3440e2324e174d9e4bee8b00b42d4""]"
pg_4475ded0b1d689bcc3,pg_4475ded0b1d689bcc3_n0023,Li23 Cl8 O8,Li23Cl8O8,Li,"[0.7500000000000002,0.7500000000000002,0.5]","[5.862505500000003,5.862505500000002,3.9083370000000004]","[[7.816674,0.0,4e-16],[1.2e-15,7.816674,4e-16],[0.0,0.0,7.816674]]",raw_initial_structure_mobile_site,[22],em_complete_0043_jid_43;em_complete_0481_jid_481,"[""8bc4f1a9b7f40e343194cba3427860ae345b601a56fa043101b6daf1e3ce1c50"",""e108610e953ea7951ddba27c30f5195406d3440e2324e174d9e4bee8b00b42d4""]"
pg_20a00349bb6ec6a266,pg_20a00349bb6ec6a266_n0000,Na23 Se8 Cl8,Na23Se8Cl8,Na,"[0.2499999668271248,3.13149957e-08,0.2500000055347851]","[2.717660585924625,2.56563838149274e-07,2.7176602567538524]","[[10.870643612396739,6.55999229e-07,1.786060468e-07],[6.55183834e-07,10.870638944326583,-9.870099654e-07],[1.7374369e-07,-9.913998146e-07,10.870640607742873]]",raw_initial_structure_mobile_site,[7],em_complete_0029_jid_29,"[""d16e2bfb87d59cd908332ae0753433722ee3dc7ac605960cd66e80c8f8c382ec""]"
pg_20a00349bb6ec6a266,pg_20a00349bb6ec6a266_n0001,Na23 Se8 Cl8,Na23Se8Cl8,Na,"[0.2499999668271248,3.13149957e-08,0.750000005534785]","[2.71766067279647,-2.3913606915072585e-07,8.152980560625288]","[[10.870643612396739,6.55999229e-07,1.786060468e-07],[6.55183834e-07,10.870638944326583,-9.870099654e-07],[1.7374369e-07,-9.913998146e-07,10.870640607742873]]",raw_initial_structure_mobile_site,[8],em_complete_0029_jid_29,"[""d16e2bfb87d59cd908332ae0753433722ee3dc7ac605960cd66e80c8f8c382ec""]"
pg_20a00349bb6ec6a266,pg_20a00349bb6ec6a266_n0002,Na23 Se8 Cl8,Na23Se8Cl8,Na,"[0.2499999668271248,0.5000000313149956,0.2500000055347851]","[2.717660913516542,5.435319728727128,2.7176597632488697]","[[10.870643612396739,6.55999229e-07,1.786060468e-07],[6.55183834e-07,10.870638944326583,-9.870099654e-07],[1.7374369e-07,-9.913998146e-07,10.870640607742873]]",raw_initial_structure_mobile_site,[9],em_complete_0029_jid_29,"[""d16e2bfb87d59cd908332ae0753433722ee3dc7ac605960cd66e80c8f8c382ec""]"
pg_20a00349bb6ec6a266,pg_20a00349bb6ec6a266_n0003,Na23 Se8 Cl8,Na23Se8Cl8,Na,"[0.2499999668271248,0.5000000313149956,0.7500000055347851]","[2.717661000388387,5.435319233027221,8.152980067120307]","[[10.870643612396739,6.55999229e-07,1.786060468e-07],[6.55183834e-07,10.870638944326583,-9.870099654e-07],[1.7374369e-07,-9.913998146e-07,10.870640607742873]]",raw_initial_structure_mobile_site,[10],em_complete_0029_jid_29,"[""d16e2bfb87d59cd908332ae0753433722ee3dc7ac605960cd66e80c8f8c382ec""]"
pg_20a00349bb6ec6a266,pg_20a00349bb6ec6a266_n0004,Na23 Se8 Cl8,Na23Se8Cl8,Na,"[0.2499999845579139,0.2500000779313236,1.46051778e-08]","[2.717660899029782,2.7176607472447096,-4.333342045105825e-08]","[[10.870643612396739,6.55999229e-07,1.786060468e-07],[6.55183834e-07,10.870638944326583,-9.870099654e-07],[1.7374369e-07,-9.913998146e-07,10.870640607742873]]",raw_initial_structure_mobile_site,[15],em_complete_0029_jid_29,"[""d16e2bfb87d59cd908332ae0753433722ee3dc7ac605960cd66e80c8f8c382ec""]"
pg_20a00349bb6ec6a266,pg_20a00349bb6ec6a266_n0005,Na23 Se8 Cl8,Na23Se8Cl8,Na,"[0.2499999845579138,0.2500000779313236,0.5000000146051777]","[2.717660985901626,2.7176602515448023,5.435320260538015]","[[10.870643612396739,6.55999229e-07,1.786060468e-07],[6.55183834e-07,10.870638944326583,-9.870099654e-07],[1.7374369e-07,-9.913998146e-07,10.870640607742873]]",raw_initial_structure_mobile_site,[16],em_complete_0029_jid_29,"[""d16e2bfb87d59cd908332ae0753433722ee3dc7ac605960cd66e80c8f8c382ec""]"
pg_20a00349bb6ec6a266,pg_20a00349bb6ec6a266_n0006,Na23 Se8 Cl8,Na23Se8Cl8,Na,"[0.2499999845579138,0.7500000779313235,1.46051778e-08]","[2.717661226621698,8.152980219408,-5.368384031510581e-07]","[[10.870643612396739,6.55999229e-07,1.786060468e-07],[6.55183834e-07,10.870638944326583,-9.870099654e-07],[1.7374369e-07,-9.913998146e-07,10.870640607742873]]",raw_initial_structure_mobile_site,[17],em_complete_0029_jid_29,"[""d16e2bfb87d59cd908332ae0753433722ee3dc7ac605960cd66e80c8f8c382ec""]"
pg_20a00349bb6ec6a266,pg_20a00349bb6ec6a266_n0007,Na23 Se8 Cl8,Na23Se8Cl8,Na,"[0.2499999845579139,0.7500000779313235,0.5000000146051777]","[2.7176613134935437,8.152979723708093,5.435319767033032]","[[10.870643612396739,6.55999229e-07,1.786060468e-07],[6.55183834e-07,10.870638944326583,-9.870099654e-07],[1.7374369e-07,-9.913998146e-07,10.870640607742873]]",raw_initial_structure_mobile_site,[18],em_complete_0029_jid_29,"[""d16e2bfb87d59cd908332ae0753433722ee3dc7ac605960cd66e80c8f8c382ec""]"
pg_20a00349bb6ec6a266,pg_20a00349bb6ec6a266_n0008,Na23 Se8 Cl8,Na23Se8Cl8,Na,"[0.4999999668280344,0.2500000419963122,0.2499999772577247]","[5.435321652829658,2.7176602727580543,2.7176597472631014]","[[10.870643612396739,6.55999229e-07,1.786060468e-07],[6.55183834e-07,10.870638944326583,-9.870099654e-07],[1.7374369e-07,-9.913998146e-07,10.870640607742873]]",raw_initial_structure_mobile_site,[3],em_complete_0029_jid_29,"[""d16e2bfb87d59cd908332ae0753433722ee3dc7ac605960cd66e80c8f8c382ec""]"
pg_20a00349bb6ec6a266,pg_20a00349bb6ec6a266_n0009,Na23 Se8 Cl8,Na23Se8Cl8,Na,"[0.4999999668280343,0.2500000419963123,0.7499999772577246]","[5.435321739701502,2.7176597770581483,8.152980051134538]","[[10.870643612396739,6.55999229e-07,1.786060468e-07],[6.55183834e-07,10.870638944326583,-9.870099654e-07],[1.7374369e-07,-9.913998146e-07,10.870640607742873]]",raw_initial_structure_mobile_site,[4],em_complete_0029_jid_29,"[""d16e2bfb87d59cd908332ae0753433722ee3dc7ac605960cd66e80c8f8c382ec""]"
pg_20a00349bb6ec6a266,pg_20a00349bb6ec6a266_n0010,Na23 Se8 Cl8,Na23Se8Cl8,Na,"[0.4999999668280345,0.7500000419963119,0.2499999772577247]","[5.435321980421576,8.15297974492134,2.717659253758119]","[[10.870643612396739,6.55999229e-07,1.786060468e-07],[6.55183834e-07,10.870638944326583,-9.870099654e-07],[1.7374369e-07,-9.913998146e-07,10.870640607742873]]",raw_initial_structure_mobile_site,[5],em_complete_0029_jid_29,"[""d16e2bfb87d59cd908332ae0753433722ee3dc7ac605960cd66e80c8f8c382ec""]"
pg_20a00349bb6ec6a266,pg_20a00349bb6ec6a266_n0011,Na23 Se8 Cl8,Na23Se8Cl8,Na,"[0.4999999668280345,0.7500000419963119,0.7499999772577247]","[5.435322067293421,8.152979249221433,8.152979557629555]","[[10.870643612396739,6.55999229e-07,1.786060468e-07],[6.55183834e-07,10.870638944326583,-9.870099654e-07],[1.7374369e-07,-9.913998146e-07,10.870640607742873]]",raw_initial_structure_mobile_site,[6],em_complete_0029_jid_29,"[""d16e2bfb87d59cd908332ae0753433722ee3dc7ac605960cd66e80c8f8c382ec""]"
pg_20a00349bb6ec6a266,pg_20a00349bb6ec6a266_n0012,Na23 Se8 Cl8,Na23Se8Cl8,Na,"[0.7499999668271247,3.13149957e-08,0.2500000055347851]","[8.152982392122993,5.845634526492739e-07,2.7176603460568756]","[[10.870643612396739,6.55999229e-07,1.786060468e-07],[6.55183834e-07,10.870638944326583,-9.870099654e-07],[1.7374369e-07,-9.913998146e-07,10.870640607742873]]",raw_initial_structure_mobile_site,[11],em_complete_0029_jid_29,"[""d16e2bfb87d59cd908332ae0753433722ee3dc7ac605960cd66e80c8f8c382ec""]"
pg_20a00349bb6ec6a266,pg_20a00349bb6ec6a266_n0013,Na23 Se8 Cl8,Na23Se8Cl8,Na,"[0.7499999668271247,3.13149957e-08,0.7500000055347852]","[8.152982478994838,8.886354534927384e-08,8.152980649928315]","[[10.870643612396739,6.55999229e-07,1.786060468e-07],[6.55183834e-07,10.870638944326583,-9.870099654e-07],[1.7374369e-07,-9.913998146e-07,10.870640607742873]]",raw_initial_structure_mobile_site,[12],em_complete_0029_jid_29,"[""d16e2bfb87d59cd908332ae0753433722ee3dc7ac605960cd66e80c8f8c382ec""]"
pg_20a00349bb6ec6a266,pg_20a00349bb6ec6a266_n0014,Na23 Se8 Cl8,Na23Se8Cl8,Na,"[0.7499999668271246,0.5000000313149956,0.2500000055347851]","[8.152982719714908,5.435320056726743,2.717659852551893]","[[10.870643612396739,6.55999229e-07,1.786060468e-07],[6.55183834e-07,10.870638944326583,-9.870099654e-07],[1.7374369e-07,-9.913998146e-07,10.870640607742873]]",raw_initial_structure_mobile_site,[13],em_complete_0029_jid_29,"[""d16e2bfb87d59cd908332ae0753433722ee3dc7ac605960cd66e80c8f8c382ec""]"
pg_20a00349bb6ec6a266,pg_20a00349bb6ec6a266_n0015,Na23 Se8 Cl8,Na23Se8Cl8,Na,"[0.7499999668271246,0.5000000313149956,0.750000005534785]","[8.152982806586753,5.435319561026836,8.152980156423329]","[[10.870643612396739,6.55999229e-07,1.786060468e-07],[6.55183834e-07,10.870638944326583,-9.870099654e-07],[1.7374369e-07,-9.913998146e-07,10.870640607742873]]",raw_initial_structure_mobile_site,[14],em_complete_0029_jid_29,"[""d16e2bfb87d59cd908332ae0753433722ee3dc7ac605960cd66e80c8f8c382ec""]"
pg_20a00349bb6ec6a266,pg_20a00349bb6ec6a266_n0016,Na23 Se8 Cl8,Na23Se8Cl8,Na,"[0.7499999845579136,0.2500000779313237,1.46051778e-08]","[8.152982705228148,2.717661075244325,4.596960294894159e-08]","[[10.870643612396739,6.55999229e-07,1.786060468e-07],[6.55183834e-07,10.870638944326583,-9.870099654e-07],[1.7374369e-07,-9.913998146e-07,10.870640607742873]]",raw_initial_structure_mobile_site,[19],em_complete_0029_jid_29,"[""d16e2bfb87d59cd908332ae0753433722ee3dc7ac605960cd66e80c8f8c382ec""]"
pg_20a00349bb6ec6a266,pg_20a00349bb6ec6a266_n0017,Na23 Se8 Cl8,Na23Se8Cl8,Na,"[0.7499999845579136,0.2500000779313237,0.5000000146051778]","[8.152982792099994,2.7176605795444178,5.43532034984104]","[[10.870643612396739,6.55999229e-07,1.786060468e-07],[6.55183834e-07,10.870638944326583,-9.870099654e-07],[1.7374369e-07,-9.913998146e-07,10.870640607742873]]",raw_initial_structure_mobile_site,[20],em_complete_0029_jid_29,"[""d16e2bfb87d59cd908332ae0753433722ee3dc7ac605960cd66e80c8f8c382ec""]"
pg_20a00349bb6ec6a266,pg_20a00349bb6ec6a266_n0018,Na23 Se8 Cl8,Na23Se8Cl8,Na,"[0.7499999845579137,0.7500000779313234,1.46051778e-08]","[8.152983032820066,8.152980547407614,-4.4753537975105804e-07]","[[10.870643612396739,6.55999229e-07,1.786060468e-07],[6.55183834e-07,10.870638944326583,-9.870099654e-07],[1.7374369e-07,-9.913998146e-07,10.870640607742873]]",raw_initial_structure_mobile_site,[21],em_complete_0029_jid_29,"[""d16e2bfb87d59cd908332ae0753433722ee3dc7ac605960cd66e80c8f8c382ec""]"
pg_20a00349bb6ec6a266,pg_20a00349bb6ec6a266_n0019,Na23 Se8 Cl8,Na23Se8Cl8,Na,"[0.7499999845579137,0.7500000779313234,0.5000000146051778]","[8.152983119691912,8.152980051707706,5.435319856336057]","[[10.870643612396739,6.55999229e-07,1.786060468e-07],[6.55183834e-07,10.870638944326583,-9.870099654e-07],[1.7374369e-07,-9.913998146e-07,10.870640607742873]]",raw_initial_structure_mobile_site,[22],em_complete_0029_jid_29,"[""d16e2bfb87d59cd908332ae0753433722ee3dc7ac605960cd66e80c8f8c382ec""]"
pg_20a00349bb6ec6a266,pg_20a00349bb6ec6a266_n0020,Na23 Se8 Cl8,Na23Se8Cl8,Na,"[0.9999999668280346,0.2500000419963124,0.2499999772577247]","[10.87064345902803,2.717660600757671,2.7176598365661246]","[[10.870643612396739,6.55999229e-07,1.786060468e-07],[6.55183834e-07,10.870638944326583,-9.870099654e-07],[1.7374369e-07,-9.913998146e-07,10.870640607742873]]",raw_initial_structure_mobile_site,[2],em_complete_0029_jid_29,"[""d16e2bfb87d59cd908332ae0753433722ee3dc7ac605960cd66e80c8f8c382ec""]"
pg_20a00349bb6ec6a266,pg_20a00349bb6ec6a266_n0021,Na23 Se8 Cl8,Na23Se8Cl8,Na,"[0.9999999668280345,0.2500000419963124,0.7499999772577247]","[10.870643545899874,2.717660105057764,8.152980140437561]","[[10.870643612396739,6.55999229e-07,1.786060468e-07],[6.55183834e-07,10.870638944326583,-9.870099654e-07],[1.7374369e-07,-9.913998146e-07,10.870640607742873]]",reported_neb_final_endpoint,[0],em_complete_0029_jid_29,"[""d16e2bfb87d59cd908332ae0753433722ee3dc7ac605960cd66e80c8f8c382ec""]"
pg_20a00349bb6ec6a266,pg_20a00349bb6ec6a266_n0022,Na23 Se8 Cl8,Na23Se8Cl8,Na,"[0.9999999668280343,0.7500000419963121,0.2499999772577247]","[10.870643786619942,8.15298007292096,2.717659343061142]","[[10.870643612396739,6.55999229e-07,1.786060468e-07],[6.55183834e-07,10.870638944326583,-9.870099654e-07],[1.7374369e-07,-9.913998146e-07,10.870640607742873]]",raw_initial_structure_mobile_site,[1],em_complete_0029_jid_29,"[""d16e2bfb87d59cd908332ae0753433722ee3dc7ac605960cd66e80c8f8c382ec""]"
pg_20a00349bb6ec6a266,pg_20a00349bb6ec6a266_n0023,Na23 Se8 Cl8,Na23Se8Cl8,Na,"[0.9999999668280345,0.750000041996312,0.7499999772577247]","[10.87064387349179,8.15297957722105,8.152979646932579]","[[10.870643612396739,6.55999229e-07,1.786060468e-07],[6.55183834e-07,10.870638944326583,-9.870099654e-07],[1.7374369e-07,-9.913998146e-07,10.870640607742873]]",raw_initial_structure_mobile_site,[0],em_complete_0029_jid_29,"[""d16e2bfb87d59cd908332ae0753433722ee3dc7ac605960cd66e80c8f8c382ec""]"
pg_8fa38152fbe8956b86,pg_8fa38152fbe8956b86_n0000,Tb16 Mg7 Se32,Tb16Mg7Se32,Mg,"[0.0,0.0,0.0]","[0.0,0.0,0.0]","[[11.6597175598,0.0,0.0],[0.0,11.6597175598,0.0],[0.0,0.0,11.6597175598]]",raw_initial_structure_mobile_site,[20],em_complete_0001_jid_1,"[""664b17871cb4c67827018934627c198331671e2fd888a9fbece845347f746754""]"
pg_8fa38152fbe8956b86,pg_8fa38152fbe8956b86_n0001,Tb16 Mg7 Se32,Tb16Mg7Se32,Mg,"[0.0,0.5,0.5]","[0.0,5.8298587799,5.8298587799]","[[11.6597175598,0.0,0.0],[0.0,11.6597175598,0.0],[0.0,0.0,11.6597175598]]",raw_initial_structure_mobile_site,[22],em_complete_0001_jid_1,"[""664b17871cb4c67827018934627c198331671e2fd888a9fbece845347f746754""]"
pg_8fa38152fbe8956b86,pg_8fa38152fbe8956b86_n0002,Tb16 Mg7 Se32,Tb16Mg7Se32,Mg,"[0.25,0.25,0.25]","[2.91492938995,2.91492938995,2.91492938995]","[[11.6597175598,0.0,0.0],[0.0,11.6597175598,0.0],[0.0,0.0,11.6597175598]]",raw_initial_structure_mobile_site,[21],em_complete_0001_jid_1,"[""664b17871cb4c67827018934627c198331671e2fd888a9fbece845347f746754""]"
pg_8fa38152fbe8956b86,pg_8fa38152fbe8956b86_n0003,Tb16 Mg7 Se32,Tb16Mg7Se32,Mg,"[0.25,0.75,0.75]","[2.91492938995,8.74478816985,8.74478816985]","[[11.6597175598,0.0,0.0],[0.0,11.6597175598,0.0],[0.0,0.0,11.6597175598]]",raw_initial_structure_mobile_site,[0],em_complete_0001_jid_1,"[""664b17871cb4c67827018934627c198331671e2fd888a9fbece845347f746754""]"
pg_8fa38152fbe8956b86,pg_8fa38152fbe8956b86_n0004,Tb16 Mg7 Se32,Tb16Mg7Se32,Mg,"[0.5,0.0,0.5]","[5.8298587799,0.0,5.8298587799]","[[11.6597175598,0.0,0.0],[0.0,11.6597175598,0.0],[0.0,0.0,11.6597175598]]",raw_initial_structure_mobile_site,[17],em_complete_0001_jid_1,"[""664b17871cb4c67827018934627c198331671e2fd888a9fbece845347f746754""]"
pg_8fa38152fbe8956b86,pg_8fa38152fbe8956b86_n0005,Tb16 Mg7 Se32,Tb16Mg7Se32,Mg,"[0.5,0.5,0.0]","[5.8298587799,5.8298587799,0.0]","[[11.6597175598,0.0,0.0],[0.0,11.6597175598,0.0],[0.0,0.0,11.6597175598]]",reported_neb_final_endpoint,[0],em_complete_0001_jid_1,"[""664b17871cb4c67827018934627c198331671e2fd888a9fbece845347f746754""]"
pg_8fa38152fbe8956b86,pg_8fa38152fbe8956b86_n0006,Tb16 Mg7 Se32,Tb16Mg7Se32,Mg,"[0.75,0.25,0.75]","[8.74478816985,2.91492938995,8.74478816985]","[[11.6597175598,0.0,0.0],[0.0,11.6597175598,0.0],[0.0,0.0,11.6597175598]]",raw_initial_structure_mobile_site,[18],em_complete_0001_jid_1,"[""664b17871cb4c67827018934627c198331671e2fd888a9fbece845347f746754""]"
pg_8fa38152fbe8956b86,pg_8fa38152fbe8956b86_n0007,Tb16 Mg7 Se32,Tb16Mg7Se32,Mg,"[0.75,0.75,0.25]","[8.74478816985,8.74478816985,2.91492938995]","[[11.6597175598,0.0,0.0],[0.0,11.6597175598,0.0],[0.0,0.0,11.6597175598]]",raw_initial_structure_mobile_site,[19],em_complete_0001_jid_1,"[""664b17871cb4c67827018934627c198331671e2fd888a9fbece845347f746754""]"
pg_f8fcda589b7022b756,pg_f8fcda589b7022b756_n0000,Ca7 Cu16 S16,Ca7Cu16S16,Ca,"[0.0,0.0,0.0]","[0.0,0.0,0.0]","[[7.88,0.0,5e-16],[-3.9399999999999977,6.824280181821377,4e-16],[0.0,0.0,13.046]]",raw_initial_structure_mobile_site,[1],em_complete_0212_jid_212;em_complete_0345_jid_345,"[""66cd2c30ae3616a58f128a245bcf1864743e8099ec857c7b0358a75ade916423"",""d8508813b7b88245a524913e44174e3ffb624740047e6b652f11b4125e319850""]"
pg_f8fcda589b7022b756,pg_f8fcda589b7022b756_n0001,Ca7 Cu16 S16,Ca7Cu16S16,Ca,"[0.0,0.0,0.5]","[0.0,0.0,6.523]","[[7.88,0.0,5e-16],[-3.9399999999999977,6.824280181821377,4e-16],[0.0,0.0,13.046]]",raw_initial_structure_mobile_site,"[3,5]",em_complete_0212_jid_212;em_complete_0345_jid_345,"[""66cd2c30ae3616a58f128a245bcf1864743e8099ec857c7b0358a75ade916423"",""d8508813b7b88245a524913e44174e3ffb624740047e6b652f11b4125e319850""]"
pg_f8fcda589b7022b756,pg_f8fcda589b7022b756_n0002,Ca7 Cu16 S16,Ca7Cu16S16,Ca,"[0.0,0.5,0.0]","[-1.9699999999999989,3.4121400909106887,2e-16]","[[7.88,0.0,5e-16],[-3.9399999999999977,6.824280181821377,4e-16],[0.0,0.0,13.046]]",raw_initial_structure_mobile_site,[2],em_complete_0212_jid_212;em_complete_0345_jid_345,"[""66cd2c30ae3616a58f128a245bcf1864743e8099ec857c7b0358a75ade916423"",""d8508813b7b88245a524913e44174e3ffb624740047e6b652f11b4125e319850""]"
pg_f8fcda589b7022b756,pg_f8fcda589b7022b756_n0003,Ca7 Cu16 S16,Ca7Cu16S16,Ca,"[0.0,0.5,0.5]","[-1.9699999999999989,3.4121400909106887,6.523]","[[7.88,0.0,5e-16],[-3.9399999999999977,6.824280181821377,4e-16],[0.0,0.0,13.046]]",raw_initial_structure_mobile_site,"[0,4]",em_complete_0212_jid_212;em_complete_0345_jid_345,"[""66cd2c30ae3616a58f128a245bcf1864743e8099ec857c7b0358a75ade916423"",""d8508813b7b88245a524913e44174e3ffb624740047e6b652f11b4125e319850""]"
pg_f8fcda589b7022b756,pg_f8fcda589b7022b756_n0004,Ca7 Cu16 S16,Ca7Cu16S16,Ca,"[0.4999999999999998,0.0,0.0]","[3.939999999999998,0.0,2.499999999999999e-16]","[[7.88,0.0,5e-16],[-3.9399999999999977,6.824280181821377,4e-16],[0.0,0.0,13.046]]",raw_initial_structure_mobile_site,"[3,5]",em_complete_0212_jid_212;em_complete_0345_jid_345,"[""66cd2c30ae3616a58f128a245bcf1864743e8099ec857c7b0358a75ade916423"",""d8508813b7b88245a524913e44174e3ffb624740047e6b652f11b4125e319850""]"
pg_f8fcda589b7022b756,pg_f8fcda589b7022b756_n0005,Ca7 Cu16 S16,Ca7Cu16S16,Ca,"[0.4999999999999998,0.0,0.5]","[3.939999999999998,0.0,6.523]","[[7.88,0.0,5e-16],[-3.9399999999999977,6.824280181821377,4e-16],[0.0,0.0,13.046]]",raw_initial_structure_mobile_site,[6],em_complete_0212_jid_212;em_complete_0345_jid_345,"[""66cd2c30ae3616a58f128a245bcf1864743e8099ec857c7b0358a75ade916423"",""d8508813b7b88245a524913e44174e3ffb624740047e6b652f11b4125e319850""]"
pg_f8fcda589b7022b756,pg_f8fcda589b7022b756_n0006,Ca7 Cu16 S16,Ca7Cu16S16,Ca,"[0.4999999999999998,0.5,0.0]","[1.9699999999999993,3.4121400909106887,4.499999999999999e-16]","[[7.88,0.0,5e-16],[-3.9399999999999977,6.824280181821377,4e-16],[0.0,0.0,13.046]]",raw_initial_structure_mobile_site,"[0,4]",em_complete_0212_jid_212;em_complete_0345_jid_345,"[""66cd2c30ae3616a58f128a245bcf1864743e8099ec857c7b0358a75ade916423"",""d8508813b7b88245a524913e44174e3ffb624740047e6b652f11b4125e319850""]"
pg_f8fcda589b7022b756,pg_f8fcda589b7022b756_n0007,Ca7 Cu16 S16,Ca7Cu16S16,Ca,"[0.4999999999999998,0.5,0.5]","[1.9699999999999993,3.4121400909106887,6.523000000000001]","[[7.88,0.0,5e-16],[-3.9399999999999977,6.824280181821377,4e-16],[0.0,0.0,13.046]]",reported_neb_final_endpoint,[0],em_complete_0212_jid_212;em_complete_0345_jid_345,"[""66cd2c30ae3616a58f128a245bcf1864743e8099ec857c7b0358a75ade916423"",""d8508813b7b88245a524913e44174e3ffb624740047e6b652f11b4125e319850""]"
